V1;V2;V3;V4
0.912225161;0.608234451;0.723781923;0.73359095
0.272378939;0.331678698;0.429296975;0.367422001
0.365792205;0.861309323;0.899016587;0.088600152
0.562208164;0.158963258;0.073715215;0.208463224
0.50189852;0.558449452;0.885169295;0.182754409
0.413997158;0.013080054;0.570250227;0.736672363
0.488468506;0.251942977;0.017265143;0.538513303
0.111113968;0.249329646;0.550683376;0.049843054
0.191947043;0.927804425;0.71326865;0.891548497
0.29565178;;0.980911322;0.308864217
0.117116542;0.594212271;;
0.97761127;0.333385825;0.634842896;0.028728774
;0.448041533;;0.894023006
0.941633436;0.788437648;0.32329341;0.93107397
0.664819245;0.803558106;0.465466125;0.30569249
0.476262948;0.84566925;0.155376795;0.442781372
0.411735395;0.301823031;0.387137636;0.571518045
;0.568840871;0.037359861;0.292769172
0.197073349;0.738881177;0.831370874;0.265761447
0.758884852;0.12711803;0.312418686;0.162027865
0.399778512;0.009136147;0.941850663;0.982710774
0.799540058;0.585000298;;
0.854240623;0.596766596;0.757508247;0.674008347
0.277752664;0.728503009;0.716413663;0.97336982
0.972311996;0.224585477;0.392999836;0.857239093
0.735546847;0.302567374;0.988731809;0.847391211
0.63064565;0.210328585;0.553328201;0.080610963
0.516243368;0.63838614;0.102724931;0.620342582
0.986392307;0.545479141;0.235897506;0.844788476
0.054465507;0.949299707;0.318667291;0.410016957
0.662127594;0.847761323;0.294405435;0.3775165
0.185968383;0.309024276;0.275183119;0.499932519
0.719419037;0.578129506;0.890495368;1.959144476
0.277622527;0.741173256;0.772889313;0.780929362
0.656207368;0.887785313;0.040509717;0.808190453
0.500970058;0.30471223;0.978229553;0.484400964
0.600071259;0.41089552;0.116348035;0.288307004
0.442034497;0.578835251;0.158315044;0.442630446
0.738260516;0.715933738;;0.358615466
0.212527309;0.281879233;0.545341772;0.669512935
0.146585007;0.131336594;0.542374829;0.403295465
0.417776512;0.39109763;0.399253127;0.684189659
0.445374915;0.521412746;0.478736547;0.806368509
0.984052518;0.205747475;0.029727407;0.842088098
0.739510764;0.40143003;0.658788668;0.564563553
0.18835891;0.774157515;0.210362165;0.160778666
0.390588559;0.394750089;0.736854385;0.442688741
0.325770351;0.68405757;0.626845368;0.969370171
;0.085635752;0.442043575;0.160792025
0.578163164;0.118120107;0.296965616;0.488705933
0.166986274;0.308658998;0.885351951;0.485080179
1.146585007;0.4877318;0.971283128;0.301296897
0.799879958;0.658413539;0.160135954;0.94116575
0.00437183;0.903039801;0.254568135;0.402991266
0.684435695;0.05893832;0.072061078;0.641132686
0.06745232;0.355698694;0.962698525;0.16872365
0.156256778;0.515365989;0.566042683;0.498917984
0.471115523;0.251366635;0.422603051;0.63208103
0.355946703;0.359586348;0.721109358;0.593539763
0.806218042;0.924068632;0.91656809;0.40650454
0.384535895;0.368898895;0.051571248;0.842943633
0.729065802;0.553149895;0.014761144;0.422956789
0.421815148;0.285701494;;0.744361932
0.514762672;0.185380709;0.079298379;0.9546502
0.781484883;0.677721424;0.145657434;0.270532454
0.528922007;0.414090248;0.64665791;0.27767003
;0.683124967;0.078587628;0.905688187
0.043514349;0.71226742;0.259700226;0.74242736
0.979907605;0.229400637;0.685120788;0.21486164
0.423233599;0.023101768;0.407379498;0.787387928
0.578240288;0.685961274;0.36745445;0.71005048
0.173994509;0.212926669;0.237773072;0.560033824
0.797584655;0.648404077;0.695118333;0.39919244
0.215233027;0.230125576;0.275905783;0.533656708
0.858284002;0.617143132;0.789719947;0.283594166
0.86215625;0.649270994;0.772550745;0.322523232
1.984052518;0.67241449;0.780821016;0.329974452
0.389471274;0.514064622;0.322976752;0.707775091
0.903959611;0.595661892;0.859517825;0.199379073
0.840103772;0.559469364;0.806972887;0.227248723
0.921436629;0.644885903;0.847161317;0.245106012
0.834217061;0.589057462;0.779739048;0.274496456
0.888086815;0.70047459;0.769062484;0.36074511
0.476575843;0.49384613;0.370575885;0.654796258
0.302684764;0.236561846;0.377196948;0.436961459
0.140836898;0.120004811;0.260898729;0.473913204
0.266507117;0.258608101;;0.510492812
0.305627763;0.114029785;0.464078973;0.267138123
0.374615368;0.492305715;0.321715309;0.703128339
0.829499326;0.66222598;0.724281506;0.379473302
0.783240401;0.635570336;0.686513536;0.39907013
0.185478117;0.118438848;0.315903682;0.417970065
0.581389926;0.614518022;0.388410277;0.669752395
0.188770629;0.273519;0.214422218;0.624443636
0.249661056;0.15287718;0.370036768;0.387325638
0.652867322;0.635955363;0.41712552;0.646920121
0.414969832;0.779959138;0.262973781;0.839805934
0.249085926;0.184699673;0.347701453;0.431201949
0.529935956;0.704262728;0.339129729;0.743278181
0.827205139;0.622737634;0.748362863;0.328653635
0.935521139;0.667489606;0.848808358;0.258799246
0.328316899;0.291276822;0.354020918;0.616336719
0.229504241;0.204914979;0.310293778;0.482241111
0.381853971;0.675171331;0.275471923;0.798896742
0.345368398;0.385698393;0.336578298;0.659365829
0.838015529;0.813229914;0.458390345;0.653860678
0.534329619;0.371417147;0.43179183;0.560491572
0.307190041;;;0.436852629
0.813364173;0.534369287;0.791732306;0.225424526
1.374615368;0.54962973;0.27215909;0.768130233
0.821114342;0.569338362;0.777316677;0.263533997
0.718574505;0.562537858;0.658042232;0.377924749
0.159983693;0.321311547;0.147138358;0.724002543
0.775901184;0.575615012;0.718417222;0.326559025
0.923712851;0.61334472;0.871360763;0.199560652
0.897624709;0.659636465;0.808358456;0.293829392
0.2004915;0.169794741;0.299120608;0.469560042
0.162229706;0.267136587;0.186693046;0.647779688
0.213097573;0.170660531;0.313763776;0.455537405
0.599269873;0.530867469;0.419806118;0.615724841
0.910129098;0.662499361;0.821520658;0.282639406
0.584540643;0.816508172;0.334988998;0.777872845
0.173400373;0.055479323;0.34412476;0.347094901
0.403174444;0.445937308;0.348131337;0.664187677
0.630231477;0.474897541;0.449995084;0.570413927
0.208449263;0.168821129;0.309398073;0.458645212
0.268038334;0.143834456;0.39839142;0.352899606
0.292899323;0.19067856;0.396575393;0.386495127
0.180013901;0.145070606;0.291190756;0.460696713
0.0000002;0.124789987;0.252662823;0.485377225
0.082614981;0.69947964;0.124231383;2.956392716
0.544110636;0.830091196;0.311753577;0.80474217
0.3198591;0.161388572;0.44906912;0.314246861
0.109696756;0.222883958;0.153310714;0.651061284
0.296195215;0.209180542;0.387975842;0.407628786
0.834626654;0.518207664;0.828414247;0.177859871
0.952934235;0.543828942;0.953942108;0.069999679
0.191790846;0.214022012;0.258531538;0.540065461
0.276143933;0.146247142;0.406544716;0.346401738
0.182136749;0.412703205;0.250339412;0.752738886
0.271006633;0.309815623;0.289105145;0.574556658
0.704642532;0.620783035;0.601599496;0.473759115
0.420647263;0.621689754;0.308769239;0.751159838
0.886436655;0.640268622;0.808010711;0.281035323
0.459929622;0.555775539;0.345684778;0.696438684
0.831130765;0.610572085;0.761379192;0.307412431
0.129495424;0.173340658;0.210924611;0.559962604
0.13202232;0.315103788;0.117574082;0.749288053
0.362190751;0.219224021;0.460888425;0.341695465
0.521010167;0.381054574;;
0.89397913;0.593720021;0.848778935;0.208776138
0.875116819;0.560477878;0.848593374;0.186406576
0.450088064;0.378113713;0.389254599;0.604750107
0.615557552;0.624904374;0.402098962;0.658913491
0.756027936;0.58798641;0.685991376;0.367305546
0.270209102;0.635980162;0.2321722;0.831462163
0.664296785;0.389107806;0.489795529;0.507420192
0.339918306;0.257839326;0.407716872;0.420947226
0.959132749;0.524651613;0.97447302;0.036503403
0.226268297;0.223779039;0.293555576;0.511740696
0.296973491;0.074519524;0.480490334;0.223956247
0.420843786;0.387441488;0.372582957;0.623915618
0.920026771;0.774003476;0.757653415;0.422017543
0.88333482;0.582246959;0.843719477;0.206039721
0.201930042;0.305448786;;0.651907582
0.270056498;0.263642315;0.319356526;0.513045184
0.212254861;0.245470854;0.261871947;0.558070556
0.535245541;0.587822202;0.373369377;0.677514084
1.917205851;0.567713687;0.894529011;0.145484234
0.74420428;0.310487906;0.54980215;0.426211835
0.682736964;;0.488887288;0.518124942
0.376699827;0.255448437;0.453785919;0.373360086
0.544388367;0.425361747;0.42197976;0.584921972
0.77461416;0.606219166;0.696050237;0.369640294
;0.880404849;0.22145501;0.908491727
0.247403327;0.194056702;0.339305267;0.445927878
0.534440148;0.348891844;0.437972442;0.548211587
0.855404527;0.657479031;0.758810883;0.341801171
0.188976606;0.094714669;0.336264164;0.381558807
0.30953212;0.273048265;;0.478218361
0.310035286;0.59485789;0.262606834;0.789935774
0.433562865;0.383394092;0.379831296;0.615585202
0.196878336;0.165369629;0.297764045;0.467911112
0.331653192;0.448416819;0.312889187;0.700023114
0.395265959;1.79014872;0.250678789;0.85483858
0.245876078;0.146440194;0.369840745;0.38315374
0.560400746;0.759246512;0.338897646;0.758432279
0.307369892;0.823670974;0.199078303;0.915420349
0.849895657;0.658293878;0.751600384;0.349548246
0.863097545;0.686725363;0.74821786;0.37221381
0.233971795;0.338942086;0.224548909;0.658729218
0.898910374;0.603054019;0.848389926;0.21549736
0.306701096;0.128393126;0.455608319;0.285335121
0.862936778;0.659989387;0.766204984;0.336127051
0.245981315;0.295929643;0.268309962;0.585883243
0.344845193;0.14466376;0.490633294;0.261428886
0.346234583;0.51479535;0.301880804;0.729021679
0.235606029;0.198296977;;
0.965498094;0.596356791;0.933402301;0.126133068
0.60261359;0.485689688;0.43371118;0.589590004
0.535310089;2.634422043;0.36072478;0.70277725
0.398685543;0.380617658;0.363729598;0.630896987
0.210283739;0.304643433;0.219250859;0.640743752
0.90871842;0.638187673;0.836348914;0.251349248
0.874591517;0.617695144;0.809048952;0.264683384
0.299064262;0.229960995;0.377311095;0.432368911
0.79808333;0.568856753;0.749815786;0.290645963
0.380692645;0.679641645;0.273694644;0.801883242
0.216646952;0.284377307;0.240721196;0.605571427
0.236691378;0.000007;0.303575574;0.50431175
0.534587907;1.731737936;0.333904479;0.755948362
0.470019955;0.461798083;0.376124797;0.640562082
0.655963523;0.708312601;;0.684702397
0.853172101;0.6122999;0.786836794;0.283184682
0.604244118;0.818324686;0.344017975;0.769357274
0.26974745;0.668366807;0.223139463;0.849264185
;;0.304060989;0.439964316
0.216164021;0.538291025;0.232623885;0.804498773
0.5031538;0.665783526;0.336652232;0.735306864
0.225190923;0.524351686;;
0.840485751;0.496591556;0.850193494;0.141463376
0.196496863;0.226579577;0.255678251;0.551432573
0.845577766;0.56196751;0.811888297;0.224039408
0.924072844;0.556557054;0.910413299;0.1220661
0.317433747;0.004133819;0.426867695;0.465724282
0.88257602;0.742547512;0.733792755;0.424481491
0.579558159;0.408654849;0.443522547;0.558893639
0.93906126;0.55306965;0.930895376;0.09926412
0.261776499;0.093016345;0.42538329;0.291488789
0.27129695;0.782088722;0.192954451;0.910244982
0.251396038;0.168672612;0.361391715;0.406668311
0.64281197;0.488185135;0.452461086;0.571559736
0.188791693;;0.279432256;0.49474281
0.155926249;0.158727089;;0.508267849
0.322001893;0.470265464;0.302281386;0.71653664
0.194514438;0.291489108;0.209142182;0.641904408
0.172975091;0.33422861;0.154051837;0.725868881
1;0.717497436;0.892711215;0.248925789
0.309822382;0.239147215;0.384063202;0.431864891
0.819759726;0.492585324;0.827874585;0.161013625
0.386892222;0.560676353;0.309051214;0.734319529
0.388142049;0.129063934;0.427059768;0.499438541
0.876980838;0.544212856;0.861906443;0.162087822
0.230483897;0.149129693;0.349413401;0.405359734
0.209130412;0.215450994;0.278511203;0.521100512
0.175309961;0.110915082;;0.420018784
0.75806035;0.617735944;0.668216443;0.405225284
0.913595191;0.601834236;;0.19613854
0.490772009;0.40306833;0.402129988;0.598676474
;0.672195136;0.696795196;0.413661535
0.657447848;0.38791042;0.486811002;0.510073005
0.255635649;0.481847459;0.267054756;0.754826996
0.16129463;0.208504607;0.225434945;0.569343709
0.279167251;;0.281172038;0.738003846
0.749004885;0.727199971;0.438770996;0.650087254
0.592920376;0.478224329;0.43105693;0.590212165
0.856242729;0.42784934;0.915979731;0.029184413
0.254834371;0.252424574;0.308592057;
0.465347383;0.801407161;0.28148813;0.827154399
0.473478363;0.323655211;0.415373069;0.563910688
0.969721151;0.734171827;0.844786086;0.308056134
0.488001497;0.681386299;;
0.793116858;0.610192257;0.715705234;0.35272545
0.37835321;0.587193272;0.29771117;0.752830607
0.679420414;0.490823318;0.469437077;0.555338112
0.163293364;0.137146844;;0.470101997
0.170586803;0.244345815;0.212289442;0.606777665
0.285766357;0.179826951;0.395336086;0.380368845
0.871005143;0.569524666;0.837473106;0.203639933
0.163939138;0.296979022;0.168464678;0.68621487
0.336510599;0.178479775;0.457566546;0.317364975
0.126779304;0.196373622;0.191979515;0.594492686
0.838717165;0.545939209;0.814498417;0.210560028
0.857584129;0.61438029;0.790753117;0.28068875
0.179211853;0.286468716;;0.653540109
0.388927369;0.467754883;0.335310755;0.682900551
0.696854365;0.484168851;0.47967337;0.543318939
0.896684537;0.597700875;0.849340765;0.210916577
0.227955864;0.136082289;0.355231457;0.3907022
0.847905173;0.76670082;0.675474849;0.499055548
0.447632603;0.421124748;0.376368234;0.629280496
0.855820373;0.599879266;0.798483161;0.263137271
0.838662432;0.724449513;0.693039168;0.452863528
0.884256197;0.650425032;0.798469355;0.297446211
0.849396089;0.574851761;0.807740251;0.236920008
;0.118798177;;0.419800888
0.542015232;0.65290402;0.358938163;0.709575818
0.185529195;0.167509541;0.282595649;0.484497151
0.277285747;0.09735618;;0.27868043
0.91376701;0.609310009;0.862086932;0.206075982
0.809334812;0.578574455;0.756802596;0.290268378
0.259911346;0.214408394;0.340578876;0.458465715
0.431626258;0.351647049;0.387530925;0.599286862
0.110110506;0.242499649;0.140471307;0.677180866
0.485287163;0.373894107;0.407414837;0.585485716
0.183455696;0.233195421;0.235421591;
0.173637946;0.153676356;0.277634476;0.480061332
0.839502068;0.6854772;0.720556207;0.398966071
0.604084183;;0.452618989;0.552569015
0.886681926;0.603935599;0.833014772;0.231435915
0.213734044;0.223337836;0.278710454;0.526252912
0.242689648;0.220691703;;0.487754102
0.549019461;0.741123876;0.338326441;0.754083728
0.279800635;0.229504792;;0.454973507
0.352949621;0.372500799;0.343832385;0.648546325
0.900570188;0.61071202;0.845187778;0.223888204
0.199345526;0.139281291;0.318486116;0.429535007
0.882576872;0.622698029;0.815295535;0.261845363
0.151631191;0.221811821;0.204709237;0.599051484
0.392964347;0.827749285;0.239338504;0.876357988
0.273015656;0.634406587;0.233956699;0.82925463
0.167208395;0.307310102;0.165389437;0.696292771
0.541387176;0.612960256;0.369499861;0.688197296
0.879893594;0.548797815;0.862308001;0.164798054
0.394045225;0.397328088;0.356941372;0.642205064
0.892034855;0.63488161;0.818438376;0.266976152
0.656551731;0.299082548;0.510540288;0.462289561
0.23744151;0.234406816;0.299828932;0.512692436
;0.551125923;0.827368917;0.201237788
0.158463859;0.21536633;;0.582067725
0.180389265;0.234006324;0.231164977;0.580929474
0.77718573;0.584290098;0.714069985;0.336782458
0.235414105;0.17075726;;
0.211874676;0.221489529;0.277720691;0.525986367
0.872133243;0.557554339;0.846976423;0.186036259
0.835897736;0.603897881;0.771677817;0.292608652
0.251037186;0.343976909;0.302334901;0.682208668
0.161660155;0.171143967;0.251283122;0.518204857
0.753977844;0.590421678;0.681858182;0.373081721
0.19149104;;0.288811944;0.479280085
0.267060211;0.254651371;0.321850258;0.504456756
0.472428301;0.581233392;;0.704229936
0.50176146;0.437684737;0.398025279;0.612166761
0.636128419;0.770341694;0.372480343;0.727936701
0.236017327;0.157307232;0.350538445;0.409785672
0.805138294;0.614767121;0.727119687;0.344440828
0.271999423;0.232872418;0.342628748;0.468948266
0.751987204;0.562702178;0.698303097;0.337866367
0.409962803;0.555624365;0.32157591;0.720452036
0.634929352;0.525139229;0.438599236;0.595419559
0.862307821;0.591051746;0.812324969;0.243337298
0.852342288;0.68049948;0.739456082;0.376731542
0.132590613;0.148138984;;0.522032601
0.590799271;1.652715783;0.382567693;0.685948605
0.2934376;0.063556669;0.483673029;0.213342478
0.83479248;0.590003768;0.779790807;0.275086881
0.125473265;0.19912119;0.188532986;
0.306408998;0.187669309;0.414945544;0.366124725
0.270209708;0.184528244;0.373341925;0.405503112
0.396981727;0.602055907;0.302671874;0.751914817
0.43309057;0.461638034;0.358319603;0.658283598
;0.608016901;0.737051543;0.329951412
0.572044816;0.426610619;0.435006979;0.572263139
0.231955633;0.25259807;0.280829665;0.54399148
0.547144155;0.651376317;;0.706273273
0.903839091;0.599588996;0.856701635;0.204853427
0.445275664;0.696313032;0.300374097;0.779788683
0.292134323;0.367688602;0.275278156;0.627619057
0.575976048;0.649310294;0.376329665;0.691248289
0.721733894;0.475193845;0.494139482;0.526449715
0.124221582;0.191027148;0.192524801;0.590321065
0.249851652;0.246176117;0.306820596;0.513702013
0.707155272;0.557617191;0.464673056;0.578219151
0.181943037;0.318517702;;0.693737773
0.209107204;0.140455665;0.32948255;0.419360236
0.787471758;0.690902485;0.653998535;0.469054359
0.493818974;1;0.241229064;0.921220358
0.165005677;0.141123822;0.275740247;0.47343442
0.227543463;0.260169901;0.270349329;0.559585597
0.249109707;0.139575659;0.378416062;0.369940237
0.223477154;0.612220143;0.216048741;0.841100739
0.399564636;0.610713337;0.301565308;0.7553685
0.944876225;0.692857146;0.842861326;0.281944644
0.823975089;0.398279581;0.564476483;0.435397232
0.274132824;0.218251785;0.35514907;0.446536182
0.495850981;0.690914884;0.326286557;0.752469736
0.868895209;0.597559997;0.815858686;0.244227398
0.233715529;0.27597342;0.267060111;0.573590026
;0.225606431;;0.473419684
0.857128836;0.605773066;0.796056194;0.26955768
0.237765949;0.245561479;0.292635399;0.52743812
0.441431395;0.543700079;0.340028896;0.698804517
0.956416466;0.732441528;;0.321747862
0.827079497;0.589841364;0.770581639;0.284165044
0.203537661;0.233530071;0.259459083;0.552376178
0.314084321;0.628095235;;0.806024375
0.544690748;0.368255552;0.437659574;0.553779037
0.59626701;0.368285753;0.462579225;0.528923903
0.32239441;0.504734503;0.293095047;0.735057076
0.80616333;0.570744368;0.758295218;0.283466437
0.281984911;0.593419325;0.249440821;0.802681605
0.508457633;0.852830531;0.288336338;0.834277915
0.942937821;0.523866628;0.955438485;
0.887089818;0.545029074;0.873566081;0.151008338
0.39713299;0.41914714;0.352498671;0.652559391
0.192926863;0.204202926;0.266581504;0.525371465
0.772190642;0.763055107;0.58646809;0.585387538
0.261653342;0.239962931;;0.491042984
0.809473613;0.596878018;0.744523261;0.314938879
0.786494948;0.674875058;0.663717453;0.448482841
0.616939408;0.444756711;0.451769472;0.56046336
0.44511591;0.618615802;0.321431595;0.737691832
0.108563445;0.296595455;0.101814992;0.752453673
0.23687292;0.293640734;0.258860813;0.593758018
0.11398678;0.228542929;0.154646062;0.653568551
0.226493846;0.116404675;0.366846349;0.365762351
0.799626102;0.632390372;0.708474884;0.375000819
0.658509541;0.545589985;0.44443314;0.595149153
;0.24858398;0.113925393;0.707794987
0.24518695;0.041225785;0.44055747;0.24120915
0.148084282;0.199063752;0.215892968;0.572458526
0.789542143;0.650886015;0.683712753;0.412256231
0.114096617;0.603596034;0.165528757;0.88916597
0.839615982;0.614849682;0.768722979;0.302987579
0.310471665;0.301740344;0.342282262;0.51602067
0.552351847;0.541264771;;
0.22006924;0.157885695;0.330874976;0.429797185
0.220083356;0.186157896;0.311665969;0.468145391
0.187955117;0.182645183;0.275234139;0.502111515
0.806614985;0.696487234;0.673331501;0.453554324
0.826680098;0.602702592;0.76135297;0.302099164
0.343754942;0.327681132;0.351579971;0.62865224
0.19915885;0.259466933;0.236530206;0.592851324
0.179472833;0.238461175;0.2270282;0.588079505
0.920813322;0.673155863;;0.284219635
0.104007871;0.054774879;0.260756753;0.429796526
0.228387098;0.224533437;0.295602711;0.510210045
0.31022771;0.292851637;0.348032116;0.504252847
0.897903803;0.67231638;0.800072909;0.310699501
0.839441753;0.73219236;0.688715421;0.462431003
0.828665045;0.587129654;0.774341515;0.278573778
0.132750345;0.119501731;0.251469848;0.482979437
0.641683368;0.67693931;0.400571891;0.674559337
0.174326987;0.119015148;;0.432195573
0.712255874;0.633272859;0.446558905;0.616825229
0.368770873;0.610632145;0.286704135;0.77017405
0.186708245;0.434586899;0.246596246;0.762412803
0.804559145;0.526398174;0.786513809;0.22522285
0.885944402;0.580721251;0.847910172;0
0.809094342;0.644954145;0.711371575;0.380635161
0.810574673;0.752888358;0.639761302;0.525316661
0.877055377;0.571123618;0.843696269;0.198515719
0.820874731;0.535580551;;0.218013697
0.785107159;0.804616633;0.573811874;0.626214533
;0.640169934;0.232943838;0.831829368
0.434597389;0.462137473;0.358912025;0.657828062
0.436902361;0.557503135;0.3340853;0.708480814
0.373946325;0.730479779;0.25660534;0.832731337
0.765277011;0.59234785;0.694201117;0.362073584
0.270855234;0.207538612;0.358474078;0.435949829
0.391604788;0.797952068;0.246786652;0.860839741
0.938455443;0.51587146;0.955459409;0.049516732
0.372844111;0.54848578;0.305577477;0.734476908
0.889355042;0.633621321;0.816057395;
0.16039009;0.144776017;0.26767961;0.483954845
0.200158894;0.142380933;0.317361047;0.432760633
0.695252585;0.716401791;0.415728658;0.670146899
0.9199264;0.594881226;0.879341397;0.179070624
0.840380785;0.522900046;0.83217599;0.177290398
0.882898029;0.586640959;0.840203631;0.212528937
0.090103306;0.109706921;0.206600181;0.521101943
0.867854922;0.711489547;0.737125712;0.400083321
0.415851166;0.372266278;0.374297786;0.618086129
0.90790385;0.515026303;0.919118614;0.085201957
0.510965965;0.462796751;0.395643193;0.621358836
0.879327083;0.620176208;0.813083735;0.262341115
0.847644323;0.592343939;0.793728309;0.262768678
0.386742423;0.443797558;0.340771446;0.670950209
0.256263194;0.197016278;0.347998043;0.439262813
0.926599379;0.614273847;;0.197341559
0.957741879;0.658116728;0.882031585;0.219291633
0.473705125;0.506687069;0.365695497;0.663150633
0.204370877;0.248980381;0.249959119;0.572337665
0.768833624;0.589146751;0.700675434;0.353441964
0.332232071;0.79079362;0.220037795;0.885585348
0.212946612;0.179876533;0.307314172;0.468225464
0.29159426;0.141028867;0.428761973;0.320694108
;0.459912465;0.326870327;0.689193479
0.862588085;0.640548328;0.779004243;0.310166013
0.223345304;0.190982785;0.312326295;0.470760231
0.252334014;0.294893302;0.276690684;0.576818307
0.585520564;0.602750028;0.393607755;0.661372842
0.169405368;0.561249862;0.20377935;0.839509121
0.789093828;0.622655898;0.702368499;0.37448859
0.250596784;0.165075298;;0.402750331
0.846409893;0.690334906;0.725599535;0.397230081
0.427565153;0.347809339;0.386612019;0.599162141
0.848715045;0.575095282;0.806751741;0.238071513
0.911027267;0.556836654;0.894460174;0.138172878
0.764823389;0.675107203;0.637373813;0.474924451
0.855977221;0.625607532;0.78117658;0.297861296
0.199123161;0.199394394;0.277338465;0.511376239
0.468141916;0.545292175;0.352505567;0.686788137
0.651230968;0.702536961;;0.683849564
0.863725023;0.461131183;0.902387804;0.065327261
0.156869712;0.234370837;0.202498388;0.609778594
0.330585645;0.241290868;0.407693723;0.409742239
0.238349457;0.308655286;0.250434506;0.612352613
0.417239489;0.654682223;0.298147788;0.770711404
0.781392119;0.57571156;0.724986271;0.320070329
0.247802802;0.183087229;0.34724757;0.430560767
0.55964752;0.531590215;0.400459224;0.635224161
0.841821137;0.644115296;0.751485851;
0.415279373;0.688943935;0.287880769;0.79025381
0.74527273;0.513517101;0.723637524;0.279217256
0.795604725;0.588572104;0.733413771;0.320387721
0.934712257;0.653655511;0.857238642;0.241001618
0.179300011;0.219836418;0.239484851;0.56301416
0.832100862;0.62258199;;0.322540286
0.392720632;0.64298283;0.289479716;0.776184683
0.795589821;0.536191295;0.769016506;0.249325214
0.299705939;0.24571257;0.367374825;0.452970126
0.18504291;0.264654313;0.215946301;0.616908331
;0.456793102;0.420565825;0.594863148
0.805903944;0.63982364;0.711005532;0.377519344
0.411479827;1.920366666;0.22309422;0.917701815
0.592298121;0.555173184;0.40982504;0.632279905
0.92210018;0.635096179;0.854620434;0.231021452
0.441377375;0.651042604;0.310804151;0.757095857
0.232981485;0.155453581;0.348130779;0.410930199
0.844702083;0.653189896;;0.34888339
0.752866818;0.448788845;0.516369185;0.497103964
0.455883413;0.534121705;0.349619301;0.686636226
0.854821342;0.757884897;0.689826795;0.478754458
0.493630506;0.506975863;0.375247287;0.653698809
0.178920301;0.282026708;0.196734522;0.647863813
0.838125515;0.471283027;0.864552284;0.109965269
0.133570718;0.120486384;0.251791508;0.483326588
0.418128673;0.841778449;0.247684815;0.87183804
0.846446593;0.473534482;;0.102988836
0.291812547;0.220655953;0.374876586;0.428484473
0.352087369;0.628861674;0.273681974;0.788114255
0.144264979;0.096083768;0.281308012;0.437319684
0.2522797;0.671022355;0.213974596;0.859129053
0.228018534;0.248493595;0.278863646;0.543168181
0.241136176;0.598149919;0.228411002;0.824947774
0.203615982;0.124783611;0.333505033;0.404713398
0.862006834;0.620258575;0.792099642;0.283333668
0.707712169;0.368178046;0.516472256;0.475123442
0.15536161;0.169344341;0.24489639;0.523356114
0.065118875;0.289535037;0.054122187;0.795248214
0.331254517;0.150683784;;0.285982543
0.128208955;0.146128708;0.227875224;0.524587066
0.228603323;0.176439905;0.328569222;0.444686709
0.223615868;0.082813244;0.386212207;0.323648566
0.259755965;0.020360055;0.47235064;0.195330492
0.788680531;0.755916934;0.611247046;0.555821353
0.222873073;0.154074758;0.336854419;0.421245546
0.14460962;0.289326286;0.150312916;0.699133247
0.783527379;0.615611304;0.700433116;0.371639861
0.584574023;0.706178653;0.36501627;0.717970125
0.900332946;0.528169499;0.901032857;0.112164462
0.786213431;0.500328024;0.782075252;0.211962849
0.954575238;0.53708427;0.960511543;0.058868851
0.337064827;0.557141609;0.28593011;0.756429052
0.222527415;0.26070388;0.263925308;0.566357403
0.23825359;0.245383077;0.293345936;0.526608143
0.890124489;0.646073885;0.808518949;0.284467089
0.230514763;0.364616213;0.202912489;0.697736565
0.522436892;0.335970151;0.435685899;0.546986028
0.86670657;0.506582546;0.555669596;0.473577523
0.461579446;0.710469134;0.304403396;0.779610441
0.259042525;0.497459773;0.264454606;0.761658434
0.217096832;0.270957135;0.250390963;0.586817965
0.451541839;0.600888572;0.329359428;0.724970766
0.892993403;0.561833757;0.869271631;0.166695013
0.492313703;0.400691578;0.403521629;0.596642929
;0.545470994;0.394975655;0.644462566
0.089073867;0.138935338;0.185479984;0.562005808
0.238756796;0.288378462;0.264715628;0.584345998
0.799991123;0.638990452;0.704427659;0.383517034
0.178655433;0.162414374;0.277754961;0.485869842
0.309700777;0.166169916;0.433543327;0.332981694
0.529002528;0.714989342;0.335760798;0.749550689
0.132422407;0.218676201;;0.617954008
0.433987323;0.80816718;0.264492351;0.845946428
0.259122308;0.172036758;0.368439643;0.401918875
0.235710769;0.04744777;0.424876224;0.261076554
0.825537008;0.573591189;0.779768523;0.263973224
0.792633698;0.608771307;0.716087725;0.351379713
0.843135677;0.603344635;;0.283132053
0.800282882;0.660565892;;0.412443052
0.779750345;0.602640644;0.704689813;0.358592227
0.205950251;0.213055812;0.276297415;0.521684172
0.263218406;0.280019202;0.299957206;0.543512332
0.857922839;0.628120401;0.781818635;0.298925668
0.877436381;0.646075469;0.793186814;0.299765647
0.382578572;0.703896054;0.26800862;0.814139035
0.23747828;0.159269581;0.350969252;0.410687287
0.33080352;0.83013287;0.208646532;0.907627496
0.316021368;0.487163273;;0.728592712
0.234519999;0.494648331;0.253367116;0.771957843
0.708093927;0.644688841;0.441442046;0.625028808
0.155812445;0.161729726;;0.512479611
0.316498289;0.507389379;0.289523168;0.739341413
0.497362837;0.602277997;0.351127714;0.703628766
0.236408922;0.066990399;0.412430147;0.286754124
0.477524515;0.607316925;0.340168789;0.715930483
0.443785259;0.421162845;0.374498371;0.631156473
0.787075583;0.67744358;;0.451268315
0.187218785;0.257094582;0.22371629;0.604026646
0.557615218;0.699856013;0.353706371;0.727538505
0.440065161;0.926105285;0.235349116;0.907032071
0.191879596;0.196984328;0.270224984;0.51683842
0.302415575;0.123280242;0.387199646;0.537638888
0.211885855;0.079205293;0.374492347;0.332893953
0.196799423;0.18126916;0.286856468;0.489581826
0.604107527;0.417545363;0.45296942;0.551880994
0.496899536;0.558729294;;0.680214042
0.245475548;0.209233837;0.326654959;0.46884724
0.511546019;0.672054;0.339002709;0.7346635
0.817042829;0.710436347;0.676445605;0.459911694
0.759862034;0.563556195;0.707237504;0.329531601
0.955522275;0.621747746;0.904081787;0.17261501
0.902996406;0.531257693;0.902151043;0.113144135
0.181162372;0.529005643;0.218232621;0.816337469
0.48197769;0.636044173;0.334506895;0.729376125
0.625500897;0.456749811;0.452645128;0.562844597
0.72410095;0.510107381;0.485786569;0.544259246
0.979229725;0.587110845;0.956281808;0.097031921
0.72575968;0.812680577;;0.707695435
0.401599811;0.629705724;0.29738276;0.764696108
0.585538143;0.327848441;0.468393246;0.512148379
0.551942867;0.645046559;0.365873729;0.700523419
;0.698412815;0.665563786;0.462610984
0.215658792;0.261914688;0.254802551;0.576281071
0.214984309;0.09901313;0.364766206;0.356037677
0.821452652;0.609791232;0.750216122;0.318020465
0.410720493;0.466507145;0.346183221;0.671714022
0.868000513;0.649567349;0.779410843;0.315879714
0.69806416;0.694861969;0.543274631;0.582214517
0.247162113;0.122881683;0.387415256;0.349634563
0.896273285;0.693731544;;0.341725468
0.757567127;0.650104047;0.645609064;0.449743239
0.840852609;0.689548662;0.719419335;0.402862849
0.64794348;0.581024195;0.560127329;0.488161286
0.793260652;0.809169638;0.580567552;0.622563325
0.545350133;0.657631782;0.359263972;0.710533854
0.160582794;0.104972505;0.294980204;0.429709377
0.205034022;0.484713719;0.241818289;0.780784326
0.838579616;0.545752987;0.814458854;0.210473151
0.297119358;0.21955651;0.382036471;0.4205948
0.285432881;0.123278486;0.433388037;0.304034914
0.830501061;0.7365755;0.674931686;0.479157535
0.668979391;0.577802313;;0.607585078
0.866553554;0.686108547;0.752813216;0.367210331
0.802789188;0.503563044;0.799903837;0.196369509
0.920096409;0.553394812;0.907759;0.122568828
0.610900909;0.400779052;0.460813467;0.539504316
0.819492984;0.550392576;0.788241372;0.239779328
0.5780211;0.399739272;0.445204814;0.554795496
0.377887334;0.415781927;0.344112235;0.660013559
0.304614805;0.594780145;0.260008151;0.792507483
0.213723468;0.19693053;0.296655547;0.490431091
;0.178278862;0.361912545;0.412666473
0.23895337;0.188241395;0.333049781;0.448223556
0.866007888;0.648979213;;0.317483866
0.832227648;0.492840082;0.842766348;0.146328371
0.578871569;0.4452108;0.433246986;0.579067223
0.316416786;0.49857391;0.291881704;0.734595699
0.402188725;0.599635678;0.305846859;0.748090161
0.470744765;0.714283667;0.307795578;0.777261186
0.536427818;0.596188992;0.371664914;0.681485433
0.799832205;0.612793784;0.722050269;0.348159885
0.247291307;0.155438101;0.365431884;0.393657693
0.110931506;0.221521104;;0.647723321
;0.271313766;0.123122485;0.714040779
0.137600749;0.217735813;0.190528061;0.610435049
0.246567234;0.245726973;0.303157463;0.517052124
0.158881067;0.225486943;0.210970063;0.595298368
;0.45842452;0.149872158;0.865387791
0.84660894;0.655368065;0.749618692;0.349540303
0.556991844;0.587700857;0.383912819;0.666961538
0.408908808;0.588374563;0.312157991;0.738737038
0.239495132;0.317354114;0.245903325;0.622775685
0.41699635;0.704703613;0.284423772;0.797980154
0.141017576;0.21806421;0.194433295;0.606761457
0.116131905;0.308542293;;0.759541155
0.20401929;0.221207934;0.26842051;0.535074467
;0.240664259;0.276161721;0.680283753
0.893725631;0.514423606;0.902396908;0.101476942
0.315944442;0.512690899;0.287813396;0.742486148
0.810159248;0.624989576;0.726234893;0.352259529
0.58187479;0.305551329;0.472687791;0.501812127
0.612892308;0.380523408;;0.527549288
0.187694902;0.25207887;0.227702438;0.59664636
0.841396729;0.535012428;0.535703513;
0.269035094;0.151187311;0.394595612;0.361675727
0.284373976;0.184527411;0.390457195;0.388425959
0.438881127;0.634394484;;
0.683516743;0.457807479;0.480397677;0.535441821
0.25807502;0.540641714;0.252240912;0.785564056
0.433995592;0.81763362;0.261921346;0.851080804
0.539481637;0.480196116;0.404692538;0.617052113
0.358543513;0.261718601;0.376670302;0.585716455
0.252949481;0.157912594;0.370585923;0.390194239
0.858016633;0.616658885;0.78972619;0.283259377
0.859417773;0.641786266;0.77433171;0.315667924
0.881454491;0.640721565;;0.287656314
0.655993669;0.533219978;0.446581979;0.589647964
0.504256401;0.941473355;0.019866215;0.092027369
0.913952337;0.952670161;0.523606544;0.636718731
0.887641721;0.664132281;0.57297442;0.953633849
0.894563925;0.14837352;0.122150331;0.967964733
0.929108261;0.958951307;0.331384095;0.345894564
0.119151117;0.064835305;0.697056452;0.38399186
0.37401755;0.050125247;0.441876829;0.445278693
0.369230045;0.617411264;;0.770444228
0.789691237;0.944699759;0.062552659;0.179371187
0.781295372;0.111659428;0.519996469;0.723326124
0.521118829;0.130157552;0.747129255;0.508585045
0.245288767;0.436143163;0.332557661;0.431408382
0.872439363;0.006748647;0.263889452;0.135646263
0.425389721;0.050938105;0.725988317;0.942196729
;0.49849921;0.842255041;0.292482206
0.005342716;0.21263633;0.25141073;0.644125351
0.26012461;0.00426858;;0.874111322
0.02820332;0.886761351;0.165482118;0.116204454
0.275029797;0.207603528;0.855490082;0.191020702
0.484278747;0.469556291;0.642424979;0.789458261
0.089274312;2.941902312;0.904977558;0.215015804
0.046536798;0.354440652;0.297949672;0.687546256
0.689602807;0.064190531;0.119276389;0.985357311
0.38607606;0.063987928;0.767963384;0.093871051
0.040425668;0.755437423;0.161329059;0.748237701
0.786713681;0.571453552;0.816606924;0.812012414
0.315144607;0.395098359;0.514607715;0.643222584
0.25250851;0.357750455;0.617207006;0.556969454
0.399260906;0.033709087;;0.353121808
0.320555456;0.363651571;0.87629805;0.469062141
0.344375582;0.575237426;0.284541238;0.76272597
0.869372317;0.696202853;0.749354658;0.377510033
0.447742874;0.508790484;0.352575251;0.676812091
0.567184486;0.2690382;0.475519737;0.489076959
0.636627155;0.650786694;0.405241989;0.662802002
0.250520758;0;0.401583363;0.325411476
0.794818404;0.577028783;0.740313512;0.305671462
0.768405388;0.647698063;0.660341101;0.433412044
0.852121418;0.629053473;0.77417425;0.307185862
0.63519972;0.672676033;0.39859788;0.675371837
0.643619434;0.344078758;;0.492949724
0.801396594;0.627940621;0.713640155;0.366828079
0.864506088;0.584506093;0.819432406;0.231804716
0.406634176;0.895068163;0.227633757;0.906306552
0.769577733;0.634653205;0.670628596;0.414296898
0.76459454;0.633691793;0.66526119;0.418999859
0.877628687;0.539877672;0.865637312;0.155423974
;0.2013584;0.216898104;0.573012574
0.91873055;0.543815982;0.912622564;0.111217046
0.418544085;0.629243178;;0.756274032
0.223471301;0.128321273;0.35509051;0.385577001
0.858779455;0.541842648;0.84152551;0.180814512
0.222356809;0.103803814;0.370416578;0.35365054
0.246070541;0.295704695;0.268570747;0.585470421
0.424274732;0.473857462;0.350734876;0.669167523
0.841161627;0.542255206;0.819957311;0.202613885
0.920291095;0.654680145;0.839116748;0.259777767
0.46831752;0.634997409;0.328189388;0.735395263
0.585169755;0.548659838;;0.632181974
0.378465031;0.183715033;0.407516819;0.53376957
0.219960996;0.656742643;0.20223858;0.866963046
0.647963488;0.514008131;0.447926713;0.583092195
0.578814879;0.510377191;0.415493436;0.614466737
0.213488094;0.159419919;0.321879644;0.439813154
0.798037271;0.622004785;0.713617652;0.362823082
0.266847311;0.192507685;0.363852844;0.420384776
0.241424093;0.117170732;0.384365642;0.34880242
0.943933017;0.634676153;0.881286712;0.204130456
0.19124131;0.26378275;0.224028529;0.608253017
0.876103112;0.526884898;0.872629489;0.139632038
0.847466554;0.654224883;;0.346955096
0.840845002;0.63133329;0.758998587;0.323874077
0.680837979;0.714874398;0.409177255;0.676268963
0.294509164;0.20794153;0.386781155;0.407980108
0.971263765;0.687223929;0.878576205;0.24248836
0.082281101;0.277783133;0.082851024;0.758610671
0.470726384;0.598086163;0.339394006;0.714198296
0.650063163;0.596108638;0.426609067;0.62664365
0.865176828;0.607234089;0.804787047;0.26183786
0.901285848;0.457040963;0.95055409;0.014494632
;0.563921693;0.982274349;0.055364349
0.246034749;0.137428291;0.376160869;0.370733348
0.273964081;0.265190628;;0.510435369
0.878569905;0.669586248;0.778568318;0.330303104
0.886330627;0.526413855;0.885307736;0.126662844
0.335080425;0.712294637;0.242767261;0.841602714
0.545704046;0.535511201;0.392653495;0.6440764
0.179580329;0.203066313;0.251227805;0.539919275
0.843164981;0.652535667;0.74738348;0.349848689
0.758406803;0.674986824;0.629702506;0.482496744
0.064855876;0.11422157;0.173023562;0.557665853
0.878661912;0.625853216;0.808419448;0.270846695
0.353863934;0.614129114;0.278548082;0.779260743
0.922716715;0.576431595;0.895259319;0.150670653
0.124384574;0.128282017;0.235390582;0.504979762
0.135627007;0.316396583;0.121050486;0.746696664
0.367531509;0.443278875;0.331627506;0.679932713
0.767548755;0.566007692;0.714858277;0.323591385
0.909893226;0.61768153;0.851713312;0.222106212
0.062833598;0.365061946;0;0.900492885
0.309877861;0.488484596;0.291465739;0.732272495
0.651939197;0.53265491;0.444776075;0.591296427
0.590781699;0.759343751;0.353554933;0.743834508
0.189754621;0.040425353;0.374122833;0.306950548
0.846358904;0.610601925;0.779759081;0.289094328
0.21188103;0.220891867;0.278134798;0.525167684
0.50892272;0.827053896;0.295572722;0.820062136
0.213414715;0.267649197;0.248191368;0.586768161
0.301932095;0.245314744;0.370335228;0.44974649
0.482733505;0.90950227;0.26048785;0.877444112
;0.589614855;0.900440682;0.154445807
0.30287838;0.661961597;0.240894627;0.829810783
0.84677558;0.552883459;;0.210268351
0.771052695;0.638491339;0.669800733;0.417727055
0.225637326;0.26927921;;
0.678715024;0.518960889;0.639513799;0.366844451
0.227726377;0.257289366;0.272529207;0.55545621
0.237187443;0.301645211;0.253797534;0.604240869
0.709020606;0.287717602;0.538990993;0.430818722
0.242736108;0.101805552;0.396399799;0.326370228
0.233360059;0.25195012;0.282967262;0.541419082
0.875230354;0.484170675;0.900622068;0.08272124
0.945873537;0.655269383;0.869627344;0.229735923
0.264785231;0.177919316;0.371281819;0.403074423
0.163883342;0.329529965;;0.73045359
0.280839681;0.381840932;0.252006755;0.66044018
0.234315453;0.219322281;0.306309714;0.495991486
0.819449787;0.559470898;2.782015607;0.252150638
0.875852261;0.554329772;0.853662932;0.177177002
0.530554078;0.571624578;0.375507872;0.670984405
0.111224495;0.253051683;0.134641598;0.690156926
0.789052007;0.562132689;;0.292409342
0.62531459;0.436643413;0.458024298;0.55202073
0.56095674;0.5989299;0.382774681;0.671144654
0.946801898;0.64396882;0.878433853;0.213281917
0.357064336;0.205876795;0.463770742;0.329763606
0.832019632;0.650619935;0.735219302;0.360685555
;0.586519714;1.886002231;0.166751581
0.279551882;0.139300319;0.415386624;0.332866413
0.466198011;0.914204305;0.251216888;0.887970248
0.899864338;0.560579253;0.878426896;0.156709263
0.487235967;0.702752419;0.318902772;0.763049527
0.228945351;0.158358175;0.34127869;0.41973756
0.307599664;0.246193832;0.376585548;0.444106754
0.335408531;0.181424758;0.454232226;0.322689922
0.210515652;0.275489981;;0.600903088
0.209369101;0.180873212;;0.473890893
0.85039184;0.543776095;0.830075934;0.193550051
0.843103634;0.642795369;0.75393309;0.336705115
0.647821078;0.329330111;0.498092833;0.482918039
0.202421357;0.210566464;;0.52256047
0.854427943;0.5212887;0.85024496;0.158168971
0.466011418;0.735163302;0.299828308;0.79087716
0.905485023;0.648883391;0.825168542;0.269761367
0.522531138;0.752091171;0;0.772810168
0.200647352;0.180501276;0.292028114;0.483900862
0.162874947;0.851121554;0.121773996;
0.310131643;0.090998796;0.485182877;0.230455452
0.922827113;0.747944785;0.778757874;0.383280031
0.384748474;0.769339565;;0.848615244
0.778472789;0.570673544;0.724884863;0.316753228
0.804950998;0.664201971;0.693275988;0.411749449
0.459972452;0.449612971;0.37458315;0.638793219
0.886281195;0.459655519;1.930645959;0.036131738
;0.146392358;0.280094494;0.472664701
0.208565667;0.223530003;;0.532744523
0.273634148;0.178106691;0.381846557;0.392660696
0.842259888;0.693050936;0.718738086;0.405918842
0.196897626;0.110821538;0.334881921;0.393866394
0.741324956;0.68733989;0.60066198;0.519853158
0.169408054;0.125904742;;0.447474835
0.511524169;0.842026038;0.292757428;0.82693449
0.307870981;0.272132204;0.3592744;0.478977894
0.792761162;0.628171668;0.703048831;0.37755223
0.23947777;0.112009324;0.385523831;0.344144847
0.645746015;0.701346702;0.395896307;0.685848493
0.357639105;0.466958471;;0.697556343
;0.479524925;0.282736857;0.738550004
0.801665994;0.708657088;;0.476035106
0.848166811;0.526909654;0.838857185;0.173344811
0.73809121;0.57479772;0.673287167;0.371032551
0.822223104;0.594038007;0.761859793;
0.820977282;0.608004862;0.750856525;0.316169462
0.094169457;0.295057277;0.085468731;0.767719341
0.207509149;0.208211525;;0.513231139
0.149000253;0.220069826;0.202714888;0.599859387
0.849717874;0.547315628;0.826854576;0.199165691
;0.335941376;0.434491946;0.548169474
0.886826678;0.557587413;0.864708028;0.168367169
0.596739089;0.306408269;0.479638913;0.495109288
0.874769455;0.527389871;0.870674631;0.141925101
;0.763972536;0.160922273;0.937288052
0.905117296;0.600902748;0.857352696;0.205095215
0.847634614;0.55223942;;0.208358767
0.505770179;0.773725519;0.308555083;0.792635852
0.852388637;0.626361984;0.776327436;0.303211376
0.923588721;0.609002167;0.874163862;0.193817478
;0.166080803;0.331694072;0.4345403
0.467183999;0.748020698;0.296897653;0.797290675
0.279366733;0.50606524;;0.756528557
0.247704529;0.27816057;0.282475701;0.559693251
0.446374969;0.624584639;0.320416519;0.74032455
;0.468049294;0.320400705;0.697856806
;0.305127842;0.163718837;0.696478938
0.904163916;0.524051571;0.908462156;0.10195795
0.804929569;0.562676639;0.762290794;0.274005959
0.205173471;0.223759613;0.26807988;0.537145635
0.377814885;0.295702596;0.427759039;0.426640481
0.828252113;0.618009679;0.752843094;0.320975624
0.874106647;0.539758109;0.861462934;0.159507794
;0.28332464;0.331575509;0.636573187
;0.505225391;;0.711235085
0.77299105;0.585543434;0.488896519;0.561629587
0.871903867;0.675938723;0.766193834;0.346959758
0.503331004;0.450721418;0.395237716;0.618486165
;0.623107202;0.767509215;0.309801305
0.829076483;0.682477517;0.709998846;0.407464294
0.195747247;0.035516371;;0.293064551
0.300453971;0.231734446;0.377784275;0.433100082
;0.15915521;0.424488725;0.337256373
0.862115157;0.603707737;;0.26074368
0.238374802;;0.460361287;0.193478507
0.435701648;0.478394998;0.355023467;0.666120106
0.835918172;0.690595963;0.712744847;0.410232843
0.194745212;0.187260711;0.280299904;0.500188823
0.934367994;0.628115284;0.874190898;0.206758701
0.177819977;0.156834418;0.28054004;0.479305072
0.85481423;0.685197303;0.739248253;0.380126361
0.556632603;0.466320045;;0.601249532
;0.129770712;0.353626088;0.388021553
0.813587354;0.700586577;0.678968531;0.450711428
0.317868038;0.840366998;0.199610725;0.919420412
0.179378539;0.336358373;0.16034082;0.72103915
0.476233678;0.412752903;;0.610944032
0.213673445;0.182426658;0.306458234;0.470809722
0.790490265;0.600988891;0.718790122;0.343403075
0.348483875;0.664836455;0.262154698;0.809378994
0.820559698;0.656872446;0.717120328;0.382985937
0.244546543;0.218619189;0.31915008;0.482703094
;0.162664386;0.186523156;0.577065089
0.825563812;0.709420183;0.687432546;0.448260118
0.385277281;0.899108311;0.216212555;0.918798432
0.827745798;0.5702288;;0.256747628
0.106929081;0.210754952;0.158214667;0.637938917
0.837976734;0.520707031;0.830762498;0.17721274
;0.788827776;0.398447147;0.707045686
0.815652934;0.596064225;0.75254315;0.306384959
0.82070748;0.598007987;0.75732874;0.302929022
0.194850853;0.184372302;0.282391767;0.496141911
0.272422299;0.199238739;0.366011761;0.42279774
0.876696357;0.763149257;0.712678459;0.459526295
0.642856719;0.609836539;;0.637570275
0.153419843;0.267361634;0.175895036;0.658705988
0.184172182;0.11995667;0.313293548;0.421604137
;0.436982261;0.459781203;0.550359758
;0.24297217;0.238027856;0.580165407
0.27902469;0.248178378;0.34070881;0.481248917
0.492470834;0.389753358;0.406572919;0.590629914
0.538495885;0.580143156;0.377029141;0.671778507
0.426458796;0.619180023;0.312260753;0.746995076
0.288182588;0.114133979;;0.288310901
0.40001653;0.44697343;0.346323213;0.666272917
0.949233008;0.608429076;0.905539608;0.162123802
0.881227969;0.588463234;0.836946486;0.217015129
0.886396023;0.585597616;0.84513977;0.206896048
0.271890999;0.111064927;0.425331002;0.303786873
0.228421105;0.370035907;0.284315681;0.707259548
0.933230191;0.575806444;0.90838789;0.137147591
0.582257451;0.519313842;0.41472641;0.617657427
0.563361884;0.655291785;;0.700577935
0.571983392;0.58084997;0.393022077;0.656013545
0.750630353;0.634295496;0.647977706;0.436653891
0.80104387;0.648346023;0.699337586;0.394943333
;0.548935408;0.891102659;0.13616183
0.901553538;0.689246402;0.792969894;0.329273437
0.191687559;0.080500098;;0.359001466
0.226067127;0.270119333;0.261799516;0.57486675
0.567764973;0.516389021;0.408517489;0.623058521
0.436550939;0.673531382;0.302354179;0.771630161
0.175918963;0.237216588;0.223580416;0.590675047
0.558735999;0.66316969;0.36422725;0.707084776
0.956310349;0.599171512;0.92038663;
0.896773152;0.731747065;0.758291843;0.392709698
0.23586943;0.266443361;0.276143439;0.558061108
0.493597919;0.680111918;;0.747692399
0.255409314;0.695081216;0.208942863;0.870678962
0.349056727;0.544117155;0.295268871;0.743576574
0.205970979;0.094097104;0.357218453;0.36023286
0.231398618;0.175404247;0.332651064;0.439911402
0.804117422;0.624309896;0.719396753;0.358621054
0.215488742;0.231208407;;0.534817821
0.87240584;0.53898689;0.859932302;0.160511698
0.880585833;0.678148205;0.775181742;0.33949129
0.804999204;0.677734839;0.684131421;0.430055363
0.387066052;0.470678891;0.333615772;0.685385275
0.855731708;0.584785593;0.808640241;0.24276213
;0.472306455;0.348347156;0.671128904
0.800908399;0.53032426;0.779432735;0.234951759
0.22522035;0.242755434;0.279384742;0.538754936
0.9229741;0.692299;;0.307591799
